Task,Description,Status
UI Design,Design the user interface (UI) for the app using a GUI library (e.g., Tkinter or PyQt),In Progress
UI Design,Create UI mockups and get feedback from stakeholders,Not Started
File Selection,Implement file selection functionality to allow users to choose the source folder,Not Started
File Selection,Add error handling for invalid or inaccessible folders,Not Started
File Organization,Develop logic to organize files based on their capture dates,Not Started
File Organization,Create a folder structure with subfolders for each year and month,Not Started
File Organization,Move files to the appropriate folders based on their capture dates,Not Started
Naming Scheme Customization,Implement customizable naming scheme functionality,Not Started
Naming Scheme Customization,Allow users to specify naming elements (date, camera model, event),Not Started
Naming Scheme Customization,Validate and handle user inputs for proper file naming,Not Started
Metadata Utilization,Enhance metadata extraction and usage for accurate organization and naming,Not Started
Metadata Utilization,Utilize metadata (e.g., capture date, camera model) to organize and rename files,Not Started
Metadata Utilization,Handle missing or incomplete metadata gracefully,Not Started
Cloud Backup Integration,Implement cloud backup integration functionality,Not Started
Cloud Backup Integration,Enable users to connect their cloud storage accounts (e.g., Google Drive, Dropbox),Not Started
Cloud Backup Integration,Sync local files with cloud backups to maintain a consistent and up-to-date collection,Not Started
Quality Assessment,Develop quality assessment capabilities to exclude duplicates and low-quality files,Not Started
Quality Assessment,Implement algorithms for assessing file quality (e.g., sharpness, exposure, noise detection),Not Started
Quality Assessment,Exclude files that do not meet quality thresholds from organization and renaming,Not Started
Testing and Refinement,Conduct unit testing to ensure the functionality of each feature,Not Started
Testing and Refinement,Gather user feedback and make necessary refinements based on usability testing,Not Started
Documentation and Deployment,Create user documentation and a user guide for the app,Not Started
Documentation and Deployment,Prepare the app for deployment, considering packaging and distribution options,Not Started
Documentation and Deployment,Finalize project documentation and update the README file,Not Started
